Project,Package,Size,Res. (m),Download Link
OMAFRA Lidar 2016-18,Cochrane A,2.91,0.5,https://ws.gisetl.lrc.gov.on.ca/fmedatadownload/Packages/LIDAR2016to18_DTM-Crne-A.zip
OMAFRA Lidar 2016-18,Cochrane B,2.86,0.5,https://ws.gisetl.lrc.gov.on.ca/fmedatadownload/Packages/LIDAR2016to18_DTM-Crne-B.zip
OMAFRA Lidar 2016-18,Cochrane C,2.9,0.5,https://ws.gisetl.lrc.gov.on.ca/fmedatadownload/Packages/LIDAR2016to18_DTM-Crne-C.zip
OMAFRA Lidar 2016-18,Cochrane D,3.07,0.5,https://ws.gisetl.lrc.gov.on.ca/fmedatadownload/Packages/LIDAR2016to18_DTM-Crne-D.zip
OMAFRA Lidar 2016-18,Cochrane E,2.83,0.5,https://ws.gisetl.lrc.gov.on.ca/fmedatadownload/Packages/LIDAR2016to18_DTM-Crne-E.zip
OMAFRA Lidar 2016-18,Cochrane F,2.8,0.5,https://ws.gisetl.lrc.gov.on.ca/fmedatadownload/Packages/LIDAR2016to18_DTM-Crne-F.zip
OMAFRA Lidar 2016-18,Cochrane G,3.04,0.5,https://ws.gisetl.lrc.gov.on.ca/fmedatadownload/Packages/LIDAR2016to18_DTM-Crne-G.zip
OMAFRA Lidar 2016-18,Cochrane H,3.02,0.5,https://ws.gisetl.lrc.gov.on.ca/fmedatadownload/Packages/LIDAR2016to18_DTM-Crne-H.zip
OMAFRA Lidar 2016-18,Lake Erie A,3.14,0.5,https://ws.gisetl.lrc.gov.on.ca/fmedatadownload/Packages/LIDAR2016to18_DTM-LkErie-A.zip
OMAFRA Lidar 2016-18,Lake Erie B,3.05,0.5,https://ws.gisetl.lrc.gov.on.ca/fmedatadownload/Packages/LIDAR2016to18_DTM-LkErie-B.zip
OMAFRA Lidar 2016-18,Lake Erie C,2.86,0.5,https://ws.gisetl.lrc.gov.on.ca/fmedatadownload/Packages/LIDAR2016to18_DTM-LkErie-C.zip
OMAFRA Lidar 2016-18,Lake Erie D,3.14,0.5,https://ws.gisetl.lrc.gov.on.ca/fmedatadownload/Packages/LIDAR2016to18_DTM-LkErie-D.zip
OMAFRA Lidar 2016-18,Lake Erie E,3.26,0.5,https://ws.gisetl.lrc.gov.on.ca/fmedatadownload/Packages/LIDAR2016to18_DTM-LkErie-E.zip
OMAFRA Lidar 2016-18,Lake Erie F,3.31,0.5,https://ws.gisetl.lrc.gov.on.ca/fmedatadownload/Packages/LIDAR2016to18_DTM-LkErie-F.zip
OMAFRA Lidar 2016-18,Lake Erie G,3.34,0.5,https://ws.gisetl.lrc.gov.on.ca/fmedatadownload/Packages/LIDAR2016to18_DTM-LkErie-G.zip
OMAFRA Lidar 2016-18,Lake Erie H,3.19,0.5,https://ws.gisetl.lrc.gov.on.ca/fmedatadownload/Packages/LIDAR2016to18_DTM-LkErie-H.zip
OMAFRA Lidar 2016-18,Lake Erie I,3.26,0.5,https://ws.gisetl.lrc.gov.on.ca/fmedatadownload/Packages/LIDAR2016to18_DTM-LkErie-I.zip
OMAFRA Lidar 2016-18,Lake Erie J,3.01,0.5,https://ws.gisetl.lrc.gov.on.ca/fmedatadownload/Packages/LIDAR2016to18_DTM-LkErie-J.zip
OMAFRA Lidar 2016-18,Lake Erie K,3.12,0.5,https://ws.gisetl.lrc.gov.on.ca/fmedatadownload/Packages/LIDAR2016to18_DTM-LkErie-K.zip
OMAFRA Lidar 2016-18,Lake Erie L,3.14,0.5,https://ws.gisetl.lrc.gov.on.ca/fmedatadownload/Packages/LIDAR2016to18_DTM-LkErie-L.zip
OMAFRA Lidar 2016-18,Lake Erie M,3.3,0.5,https://ws.gisetl.lrc.gov.on.ca/fmedatadownload/Packages/LIDAR2016to18_DTM-LkErie-M.zip
OMAFRA Lidar 2016-18,Lake Erie N,2.96,0.5,https://ws.gisetl.lrc.gov.on.ca/fmedatadownload/Packages/LIDAR2016to18_DTM-LkErie-N.zip
OMAFRA Lidar 2016-18,Lake Erie O,3.07,0.5,https://ws.gisetl.lrc.gov.on.ca/fmedatadownload/Packages/LIDAR2016to18_DTM-LkErie-O.zip
OMAFRA Lidar 2016-18,Lake Erie P,3.25,0.5,https://ws.gisetl.lrc.gov.on.ca/fmedatadownload/Packages/LIDAR2016to18_DTM-LkErie-P.zip
OMAFRA Lidar 2016-18,Lake Erie Q,2.65,0.5,https://ws.gisetl.lrc.gov.on.ca/fmedatadownload/Packages/LIDAR2016to18_DTM-LkErie-Q.zip
OMAFRA Lidar 2016-18,Lake Erie R,2.97,0.5,https://ws.gisetl.lrc.gov.on.ca/fmedatadownload/Packages/LIDAR2016to18_DTM-LkErie-R.zip
OMAFRA Lidar 2016-18,Lake Erie S,3.19,0.5,https://ws.gisetl.lrc.gov.on.ca/fmedatadownload/Packages/LIDAR2016to18_DTM-LkErie-S.zip
OMAFRA Lidar 2016-18,Lake Erie T,2.39,0.5,https://ws.gisetl.lrc.gov.on.ca/fmedatadownload/Packages/LIDAR2016to18_DTM-LkErie-T.zip
OMAFRA Lidar 2016-18,Lake Erie U,2.69,0.5,https://ws.gisetl.lrc.gov.on.ca/fmedatadownload/Packages/LIDAR2016to18_DTM-LkErie-U.zip
OMAFRA Lidar 2016-18,Lake Erie V,2.93,0.5,https://ws.gisetl.lrc.gov.on.ca/fmedatadownload/Packages/LIDAR2016to18_DTM-LkErie-V.zip
OMAFRA Lidar 2016-18,Lake Erie W,2.67,0.5,https://ws.gisetl.lrc.gov.on.ca/fmedatadownload/Packages/LIDAR2016to18_DTM-LkErie-W.zip
OMAFRA Lidar 2016-18,Lake Erie X,2.27,0.5,https://ws.gisetl.lrc.gov.on.ca/fmedatadownload/Packages/LIDAR2016to18_DTM-LkErie-X.zip
OMAFRA Lidar 2016-18,Peterborough A,3.08,0.5,https://ws.gisetl.lrc.gov.on.ca/fmedatadownload/Packages/LIDAR2016to18_DTM-Ptbo-A.zip
OMAFRA Lidar 2016-18,Peterborough B,3.16,0.5,https://ws.gisetl.lrc.gov.on.ca/fmedatadownload/Packages/LIDAR2016to18_DTM-Ptbo-B.zip
OMAFRA Lidar 2016-18,Peterborough C,3.07,0.5,https://ws.gisetl.lrc.gov.on.ca/fmedatadownload/Packages/LIDAR2016to18_DTM-Ptbo-C.zip
OMAFRA Lidar 2016-18,Peterborough D,2.78,0.5,https://ws.gisetl.lrc.gov.on.ca/fmedatadownload/Packages/LIDAR2016to18_DTM-Ptbo-D.zip
OMAFRA Lidar 2016-18,Peterborough E,3.09,0.5,https://ws.gisetl.lrc.gov.on.ca/fmedatadownload/Packages/LIDAR2016to18_DTM-Ptbo-E.zip
OMAFRA Lidar 2016-18,Peterborough F,3.09,0.5,https://ws.gisetl.lrc.gov.on.ca/fmedatadownload/Packages/LIDAR2016to18_DTM-Ptbo-F.zip
OMAFRA Lidar 2016-18,Peterborough G,3.16,0.5,https://ws.gisetl.lrc.gov.on.ca/fmedatadownload/Packages/LIDAR2016to18_DTM-Ptbo-G.zip
OMAFRA Lidar 2016-18,Peterborough H,3.22,0.5,https://ws.gisetl.lrc.gov.on.ca/fmedatadownload/Packages/LIDAR2016to18_DTM-Ptbo-H.zip
OMAFRA Lidar 2016-18,Peterborough I,2.91,0.5,https://ws.gisetl.lrc.gov.on.ca/fmedatadownload/Packages/LIDAR2016to18_DTM-Ptbo-I.zip
LEAP 2009,LEAP A,2.41,1,https://ws.gisetl.lrc.gov.on.ca/fmedatadownload/Packages/LEAP2009_DTM-A.zip
LEAP 2009,LEAP B,2.75,1,https://ws.gisetl.lrc.gov.on.ca/fmedatadownload/Packages/LEAP2009_DTM-B.zip
LEAP 2009,LEAP C,1.77,1,https://ws.gisetl.lrc.gov.on.ca/fmedatadownload/Packages/LEAP2009_DTM-C.zip
LEAP 2009,LEAP D,2.84,1,https://ws.gisetl.lrc.gov.on.ca/fmedatadownload/Packages/LEAP2009_DTM-D.zip
LEAP 2009,LEAP E,1.69,1,https://ws.gisetl.lrc.gov.on.ca/fmedatadownload/Packages/LEAP2009_DTM-E.zip
CLOCA Lidar 2018,CLOCA Lidar DTM A,1.54,0.5,https://ws.gisetl.lrc.gov.on.ca/fmedatadownload/Packages/CLOCA_Lidar_DTM-A.zip
SNC Lidar 2018-19,SNC A,2.73,0.5,https://ws.gisetl.lrc.gov.on.ca/fmedatadownload/Packages/SouthNationConservation_DTM-A.zip
GTA 2014-18,GTA 2014 A,2.91,0.5,https://ws.gisetl.lrc.gov.on.ca/fmedatadownload/Packages/GTA2014-LidarDTM-A.zip
GTA 2014-18,GTA 2014 B,2.9,0.5,https://ws.gisetl.lrc.gov.on.ca/fmedatadownload/Packages/GTA2014-LidarDTM-B.zip
GTA 2014-18,GTA 2014 C,2.73,0.5,https://ws.gisetl.lrc.gov.on.ca/fmedatadownload/Packages/GTA2014-LidarDTM-C.zip
GTA 2014-18,GTA 2014 D,2.82,0.5,https://ws.gisetl.lrc.gov.on.ca/fmedatadownload/Packages/GTA2014-LidarDTM-D.zip
GTA 2014-18,GTA 2015 A,0.42,0.5,https://ws.gisetl.lrc.gov.on.ca/fmedatadownload/Packages/GTA2015-LidarDTM-A.zip
GTA 2014-18,GTA 2015 B,2.95,0.5,https://ws.gisetl.lrc.gov.on.ca/fmedatadownload/Packages/GTA2015-LidarDTM-B.zip
GTA 2014-18,GTA 2015 C,2.63,0.5,https://ws.gisetl.lrc.gov.on.ca/fmedatadownload/Packages/GTA2015-LidarDTM-C.zip
GTA 2014-18,GTA 2015 D,2.71,0.5,https://ws.gisetl.lrc.gov.on.ca/fmedatadownload/Packages/GTA2015-LidarDTM-D.zip
GTA 2014-18,GTA 2015 E,2.81,0.5,https://ws.gisetl.lrc.gov.on.ca/fmedatadownload/Packages/GTA2015-LidarDTM-E.zip
GTA 2014-18,GTA 2015 F,2.6,0.5,https://ws.gisetl.lrc.gov.on.ca/fmedatadownload/Packages/GTA2015-LidarDTM-F.zip
GTA 2014-18,GTA Brampton 2015 A,0.88,0.5,https://ws.gisetl.lrc.gov.on.ca/fmedatadownload/Packages/GTA-Brampton-LidarDTM-A.zip
GTA 2014-18,GTA Halton 2018 A,2.88,0.5,https://ws.gisetl.lrc.gov.on.ca/fmedatadownload/Packages/GTA-Halton-LidarDTM-A.zip
GTA 2014-18,GTA Halton 2018 B,2.3,0.5,https://ws.gisetl.lrc.gov.on.ca/fmedatadownload/Packages/GTA-Halton-LidarDTM-B.zip
GTA 2014-18,GTA Halton 2018 C,2.31,0.5,https://ws.gisetl.lrc.gov.on.ca/fmedatadownload/Packages/GTA-Halton-LidarDTM-C.zip
GTA 2014-18,GTA Halton 2018 D,2.17,0.5,https://ws.gisetl.lrc.gov.on.ca/fmedatadownload/Packages/GTA-Halton-LidarDTM-D.zip
GTA 2014-18,GTA Milton 2017 A,1.86,0.5,https://ws.gisetl.lrc.gov.on.ca/fmedatadownload/Packages/GTA-Milton-LidarDTM-A.zip
GTA 2014-18,GTA Peel 2016 A,2.36,0.5,https://ws.gisetl.lrc.gov.on.ca/fmedatadownload/Packages/GTA-Peel-LidarDTM-A.zip
GTA 2014-18,GTA Peel 2016 B,2.49,0.5,https://ws.gisetl.lrc.gov.on.ca/fmedatadownload/Packages/GTA-Peel-LidarDTM-B.zip
York-LakeSimcoe 2019,York-LakeSimcoe-DTM-A,3.26,0.5,https://ws.gisetl.lrc.gov.on.ca/fmedatadownload/Packages/York-LakeSimcoe-DTM-A.zip
York-LakeSimcoe 2019,York-LakeSimcoe-DTM-B,3.25,0.5,https://ws.gisetl.lrc.gov.on.ca/fmedatadownload/Packages/York-LakeSimcoe-DTM-B.zip
York-LakeSimcoe 2019,York-LakeSimcoe-DTM-C,3.23,0.5,https://ws.gisetl.lrc.gov.on.ca/fmedatadownload/Packages/York-LakeSimcoe-DTM-C.zip
Ottawa River 2019-20,OttawaRiver-DTM-A,3.1,0.5,https://ws.gisetl.lrc.gov.on.ca/fmedatadownload/Packages/OttawaRiver-DTM-A.zip
Ottawa River 2019-20,OttawaRiver-DTM-B,3.32,0.5,https://ws.gisetl.lrc.gov.on.ca/fmedatadownload/Packages/OttawaRiver-DTM-B.zip
Ottawa River 2019-20,OttawaRiver-DTM-C,3.25,0.5,https://ws.gisetl.lrc.gov.on.ca/fmedatadownload/Packages/OttawaRiver-DTM-C.zip
Ottawa River 2019-20,OttawaRiver-DTM-D,3.22,0.5,https://ws.gisetl.lrc.gov.on.ca/fmedatadownload/Packages/OttawaRiver-DTM-D.zip
Ottawa River 2019-20,OttawaRiver-DTM-E,3.24,0.5,https://ws.gisetl.lrc.gov.on.ca/fmedatadownload/Packages/OttawaRiver-DTM-E.zip
Ottawa River 2019-20,OttawaRiver-DTM-F,3.13,0.5,https://ws.gisetl.lrc.gov.on.ca/fmedatadownload/Packages/OttawaRiver-DTM-F.zip
Ottawa River 2019-20,OttawaRiver-DTM-G,3.2,0.5,https://ws.gisetl.lrc.gov.on.ca/fmedatadownload/Packages/OttawaRiver-DTM-G.zip
Ottawa River 2019-20,OttawaRiver-DTM-H,3.1,0.5,https://ws.gisetl.lrc.gov.on.ca/fmedatadownload/Packages/OttawaRiver-DTM-H.zip
Ottawa River 2019-20,OttawaRiver-DTM-I,3.34,0.5,https://ws.gisetl.lrc.gov.on.ca/fmedatadownload/Packages/OttawaRiver-DTM-I.zip
Ottawa River 2019-20,OttawaRiver-DTM-J,2.84,0.5,https://ws.gisetl.lrc.gov.on.ca/fmedatadownload/Packages/OttawaRiver-DTM-J.zip
Ottawa River 2019-20,OttawaRiver-DTM-K,2.55,0.5,https://ws.gisetl.lrc.gov.on.ca/fmedatadownload/Packages/OttawaRiver-DTM-K.zip
Ottawa River 2019-20,OttawaRiver-DTM-L,2.54,0.5,https://ws.gisetl.lrc.gov.on.ca/fmedatadownload/Packages/OttawaRiver-DTM-L.zip
Ottawa River 2019-20,OttawaRiver-DTM-M,3.29,0.5,https://ws.gisetl.lrc.gov.on.ca/fmedatadownload/Packages/OttawaRiver-DTM-M.zip
Ottawa River 2019-20,OttawaRiver-DTM-N,3.13,0.5,https://ws.gisetl.lrc.gov.on.ca/fmedatadownload/Packages/OttawaRiver-DTM-N.zip
Ottawa River 2019-20,OttawaRiver-DTM-O,3.01,0.5,https://ws.gisetl.lrc.gov.on.ca/fmedatadownload/Packages/OttawaRiver-DTM-O.zip
Ottawa River 2019-20,OttawaRiver-DTM-P,3.35,0.5,https://ws.gisetl.lrc.gov.on.ca/fmedatadownload/Packages/OttawaRiver-DTM-P.zip
Ottawa River 2019-20,OttawaRiver-DTM-Q,3.23,0.5,https://ws.gisetl.lrc.gov.on.ca/fmedatadownload/Packages/OttawaRiver-DTM-Q.zip
Ottawa River 2019-20,OttawaRiver-DTM-R,2.51,0.5,https://ws.gisetl.lrc.gov.on.ca/fmedatadownload/Packages/OttawaRiver-DTM-R.zip
Ottawa River 2019-20,OttawaRiver-DTM-S,2.8,0.5,https://ws.gisetl.lrc.gov.on.ca/fmedatadownload/Packages/OttawaRiver-DTM-S.zip
Ottawa River 2019-20,OttawaRiver-DTM-T,3.18,0.5,https://ws.gisetl.lrc.gov.on.ca/fmedatadownload/Packages/OttawaRiver-DTM-T.zip
Ottawa River 2019-20,OttawaRiver-DTM-U,2.77,0.5,https://ws.gisetl.lrc.gov.on.ca/fmedatadownload/Packages/OttawaRiver-DTM-U.zip
Lake Nipissing 2020,LakeNipissing-DTM-A,3.12,0.5,https://ws.gisetl.lrc.gov.on.ca/fmedatadownload/Packages/LakeNipissing-DTM-A.zip
Lake Nipissing 2020,LakeNipissing-DTM-B,3.04,0.5,https://ws.gisetl.lrc.gov.on.ca/fmedatadownload/Packages/LakeNipissing-DTM-B.zip
Lake Nipissing 2020,LakeNipissing-DTM-C,3.08,0.5,https://ws.gisetl.lrc.gov.on.ca/fmedatadownload/Packages/LakeNipissing-DTM-C.zip
Lake Nipissing 2020,LakeNipissing-DTM-D,3.19,0.5,https://ws.gisetl.lrc.gov.on.ca/fmedatadownload/Packages/LakeNipissing-DTM-D.zip
Lake Nipissing 2020,LakeNipissing-DTM-E,3.13,0.5,https://ws.gisetl.lrc.gov.on.ca/fmedatadownload/Packages/LakeNipissing-DTM-E.zip
Lake Nipissing 2020,LakeNipissing-DTM-F,3.1,0.5,https://ws.gisetl.lrc.gov.on.ca/fmedatadownload/Packages/LakeNipissing-DTM-F.zip
Lake Nipissing 2020,LakeNipissing-DTM-G,3.16,0.5,https://ws.gisetl.lrc.gov.on.ca/fmedatadownload/Packages/LakeNipissing-DTM-G.zip
Lake Nipissing 2020,LakeNipissing-DTM-H,3.03,0.5,https://ws.gisetl.lrc.gov.on.ca/fmedatadownload/Packages/LakeNipissing-DTM-H.zip
Lake Nipissing 2020,LakeNipissing-DTM-I,3.13,0.5,https://ws.gisetl.lrc.gov.on.ca/fmedatadownload/Packages/LakeNipissing-DTM-I.zip
Lake Nipissing 2020,LakeNipissing-DTM-J,3.09,0.5,https://ws.gisetl.lrc.gov.on.ca/fmedatadownload/Packages/LakeNipissing-DTM-J.zip
Lake Nipissing 2020,LakeNipissing-DTM-K,3.15,0.5,https://ws.gisetl.lrc.gov.on.ca/fmedatadownload/Packages/LakeNipissing-DTM-K.zip
Lake Nipissing 2020,LakeNipissing-DTM-L,3.12,0.5,https://ws.gisetl.lrc.gov.on.ca/fmedatadownload/Packages/LakeNipissing-DTM-L.zip
Lake Nipissing 2020,LakeNipissing-DTM-M,3.21,0.5,https://ws.gisetl.lrc.gov.on.ca/fmedatadownload/Packages/LakeNipissing-DTM-M.zip
Lake Nipissing 2020,LakeNipissing-DTM-N,3.02,0.5,https://ws.gisetl.lrc.gov.on.ca/fmedatadownload/Packages/LakeNipissing-DTM-N.zip
Lake Nipissing 2020,LakeNipissing-DTM-O,2.97,0.5,https://ws.gisetl.lrc.gov.on.ca/fmedatadownload/Packages/LakeNipissing-DTM-O.zip
Lake Nipissing 2020,LakeNipissing-DTM-P,3.19,0.5,https://ws.gisetl.lrc.gov.on.ca/fmedatadownload/Packages/LakeNipissing-DTM-P.zip
Lake Nipissing 2020,LakeNipissing-DTM-Q,3.16,0.5,https://ws.gisetl.lrc.gov.on.ca/fmedatadownload/Packages/LakeNipissing-DTM-Q.zip
Lake Nipissing 2020,LakeNipissing-DTM-R,3.1,0.5,https://ws.gisetl.lrc.gov.on.ca/fmedatadownload/Packages/LakeNipissing-DTM-R.zip
Lake Nipissing 2020,LakeNipissing-DTM-S,3.22,0.5,https://ws.gisetl.lrc.gov.on.ca/fmedatadownload/Packages/LakeNipissing-DTM-S.zip
Lake Nipissing 2020,LakeNipissing-DTM-T,1.64,0.5,https://ws.gisetl.lrc.gov.on.ca/fmedatadownload/Packages/LakeNipissing-DTM-T.zip
Lake Nipissing 2020,LakeNipissing-DTM-U,2.41,0.5,https://ws.gisetl.lrc.gov.on.ca/fmedatadownload/Packages/LakeNipissing-DTM-U.zip
Lake Nipissing 2020,LakeNipissing-DTM-V,1.43,0.5,https://ws.gisetl.lrc.gov.on.ca/fmedatadownload/Packages/LakeNipissing-DTM-V.zip
Ottawa-Gatineau 2019-20,Ottawa-Gatineau-DTM-A,2.5,0.5,https://ws.gisetl.lrc.gov.on.ca/fmedatadownload/Packages/OttawaGatineau-DTM-A.zip
Ottawa-Gatineau 2019-20,Ottawa-Gatineau-DTM-B,2.88,0.5,https://ws.gisetl.lrc.gov.on.ca/fmedatadownload/Packages/OttawaGatineau-DTM-B.zip
Ottawa-Gatineau 2019-20,Ottawa-Gatineau-DTM-C,2.85,0.5,https://ws.gisetl.lrc.gov.on.ca/fmedatadownload/Packages/OttawaGatineau-DTM-C.zip
Ottawa-Gatineau 2019-20,Ottawa-Gatineau-DTM-D,2.72,0.5,https://ws.gisetl.lrc.gov.on.ca/fmedatadownload/Packages/OttawaGatineau-DTM-D.zip
Ottawa-Gatineau 2019-20,Ottawa-Gatineau-DTM-E,2.5,0.5,https://ws.gisetl.lrc.gov.on.ca/fmedatadownload/Packages/OttawaGatineau-DTM-E.zip
Ottawa-Gatineau 2019-20,Ottawa-Gatineau-DTM-F,3.33,0.5,https://ws.gisetl.lrc.gov.on.ca/fmedatadownload/Packages/OttawaGatineau-DTM-F.zip
Ottawa-Gatineau 2019-20,Ottawa-Gatineau-DTM-G,3.22,0.5,https://ws.gisetl.lrc.gov.on.ca/fmedatadownload/Packages/OttawaGatineau-DTM-G.zip
Ottawa-Gatineau 2019-20,Ottawa-Gatineau-DTM-H,2.89,0.5,https://ws.gisetl.lrc.gov.on.ca/fmedatadownload/Packages/OttawaGatineau-DTM-H.zip
Ottawa-Gatineau 2019-20,Ottawa-Gatineau-DTM-I,2.83,0.5,https://ws.gisetl.lrc.gov.on.ca/fmedatadownload/Packages/OttawaGatineau-DTM-I.zip
Ottawa-Gatineau 2019-20,Ottawa-Gatineau-DTM-J,2.83,0.5,https://ws.gisetl.lrc.gov.on.ca/fmedatadownload/Packages/OttawaGatineau-DTM-J.zip
Ottawa-Gatineau 2019-20,Ottawa-Gatineau-DTM-K,3.32,0.5,https://ws.gisetl.lrc.gov.on.ca/fmedatadownload/Packages/OttawaGatineau-DTM-K.zip
Ottawa-Gatineau 2019-20,Ottawa-Gatineau-DTM-L,3.24,0.5,https://ws.gisetl.lrc.gov.on.ca/fmedatadownload/Packages/OttawaGatineau-DTM-L.zip
Ottawa-Gatineau 2019-20,Ottawa-Gatineau-DTM-M,3.24,0.5,https://ws.gisetl.lrc.gov.on.ca/fmedatadownload/Packages/OttawaGatineau-DTM-M.zip
Ottawa-Gatineau 2019-20,Ottawa-Gatineau-DTM-N,3.19,0.5,https://ws.gisetl.lrc.gov.on.ca/fmedatadownload/Packages/OttawaGatineau-DTM-N.zip
Ottawa-Gatineau 2019-20,Ottawa-Gatineau-DTM-O,3.11,0.5,https://ws.gisetl.lrc.gov.on.ca/fmedatadownload/Packages/OttawaGatineau-DTM-O.zip
Ottawa-Gatineau 2019-20,Ottawa-Gatineau-DTM-P,2.94,0.5,https://ws.gisetl.lrc.gov.on.ca/fmedatadownload/Packages/OttawaGatineau-DTM-P.zip
Ottawa-Gatineau 2019-20,Ottawa-Gatineau-DTM-Q,1.67,0.5,https://ws.gisetl.lrc.gov.on.ca/fmedatadownload/Packages/OttawaGatineau-DTM-Q.zip
Hamilton-Niagara 2021,Hamilton-Niagara-DTM-A,2.66,0.5,https://ws.gisetl.lrc.gov.on.ca/fmedatadownload/Packages/Hamilton-Niagara-DTM-A.zip
Hamilton-Niagara 2021,Hamilton-Niagara-DTM-B,3.31,0.5,https://ws.gisetl.lrc.gov.on.ca/fmedatadownload/Packages/Hamilton-Niagara-DTM-B.zip
Hamilton-Niagara 2021,Hamilton-Niagara-DTM-C,3.15,0.5,https://ws.gisetl.lrc.gov.on.ca/fmedatadownload/Packages/Hamilton-Niagara-DTM-C.zip
Hamilton-Niagara 2021,Hamilton-Niagara-DTM-D,2.91,0.5,https://ws.gisetl.lrc.gov.on.ca/fmedatadownload/Packages/Hamilton-Niagara-DTM-D.zip
Hamilton-Niagara 2021,Hamilton-Niagara-DTM-E,3.07,0.5,https://ws.gisetl.lrc.gov.on.ca/fmedatadownload/Packages/Hamilton-Niagara-DTM-E.zip
Hamilton-Niagara 2021,Hamilton-Niagara-DTM-F,3.05,0.5,https://ws.gisetl.lrc.gov.on.ca/fmedatadownload/Packages/Hamilton-Niagara-DTM-F.zip
Hamilton-Niagara 2021,Hamilton-Niagara-DTM-G,3.19,0.5,https://ws.gisetl.lrc.gov.on.ca/fmedatadownload/Packages/Hamilton-Niagara-DTM-G.zip
Hamilton-Niagara 2021,Hamilton-Niagara-DTM-H,3.35,0.5,https://ws.gisetl.lrc.gov.on.ca/fmedatadownload/Packages/Hamilton-Niagara-DTM-H.zip
Hamilton-Niagara 2021,Hamilton-Niagara-DTM-I,2.67,0.5,https://ws.gisetl.lrc.gov.on.ca/fmedatadownload/Packages/Hamilton-Niagara-DTM-I.zip
Hamilton-Niagara 2021,Hamilton-Niagara-DTM-J,2.97,0.5,https://ws.gisetl.lrc.gov.on.ca/fmedatadownload/Packages/Hamilton-Niagara-DTM-J.zip
Hamilton-Niagara 2021,Hamilton-Niagara-DTM-K,2.57,0.5,https://ws.gisetl.lrc.gov.on.ca/fmedatadownload/Packages/Hamilton-Niagara-DTM-K.zip
OMAFRA Lidar 2022,LakeHuron-DTM-A,2.98,0.5,https://ws.gisetl.lrc.gov.on.ca/fmedatadownload/Packages/LakeHuron-DTM-A.zip
OMAFRA Lidar 2022,LakeHuron-DTM-B,3.17,0.5,https://ws.gisetl.lrc.gov.on.ca/fmedatadownload/Packages/LakeHuron-DTM-B.zip
OMAFRA Lidar 2022,LakeHuron-DTM-C,3.24,0.5,https://ws.gisetl.lrc.gov.on.ca/fmedatadownload/Packages/LakeHuron-DTM-C.zip
OMAFRA Lidar 2022,LakeHuron-DTM-D,3.13,0.5,https://ws.gisetl.lrc.gov.on.ca/fmedatadownload/Packages/LakeHuron-DTM-D.zip
OMAFRA Lidar 2022,LakeHuron-DTM-E,2.87,0.5,https://ws.gisetl.lrc.gov.on.ca/fmedatadownload/Packages/LakeHuron-DTM-E.zip
OMAFRA Lidar 2022,LakeHuron-DTM-F,2.58,0.5,https://ws.gisetl.lrc.gov.on.ca/fmedatadownload/Packages/LakeHuron-DTM-F.zip
OMAFRA Lidar 2022,LakeHuron-DTM-G,2.54,0.5,https://ws.gisetl.lrc.gov.on.ca/fmedatadownload/Packages/LakeHuron-DTM-G.zip
OMAFRA Lidar 2022,LakeHuron-DTM-H,2.28,0.5,https://ws.gisetl.lrc.gov.on.ca/fmedatadownload/Packages/LakeHuron-DTM-H.zip
OMAFRA Lidar 2022,LakeSimcoe-DTM-A,2.92,0.5,https://ws.gisetl.lrc.gov.on.ca/fmedatadownload/Packages/LakeSimcoe-DTM-A.zip
OMAFRA Lidar 2022,LakeSimcoe-DTM-B,2.89,0.5,https://ws.gisetl.lrc.gov.on.ca/fmedatadownload/Packages/LakeSimcoe-DTM-B.zip
OMAFRA Lidar 2022,LakeSimcoe-DTM-C,2.89,0.5,https://ws.gisetl.lrc.gov.on.ca/fmedatadownload/Packages/LakeSimcoe-DTM-C.zip
OMAFRA Lidar 2022,LakeSimcoe-DTM-D,3.2,0.5,https://ws.gisetl.lrc.gov.on.ca/fmedatadownload/Packages/LakeSimcoe-DTM-D.zip
Belleville 2022,Belleville-DTM-A,2.74,0.5,https://ws.gisetl.lrc.gov.on.ca/fmedatadownload/Packages/Belleville-DTM-A.zip
Belleville 2022,Belleville-DTM-B,2.69,0.5,https://ws.gisetl.lrc.gov.on.ca/fmedatadownload/Packages/Belleville-DTM-B.zip
Belleville 2022,Belleville-DTM-C,2.84,0.5,https://ws.gisetl.lrc.gov.on.ca/fmedatadownload/Packages/Belleville-DTM-C.zip
Belleville 2022,Belleville-DTM-D,2.47,0.5,https://ws.gisetl.lrc.gov.on.ca/fmedatadownload/Packages/Belleville-DTM-D.zip
Belleville 2022,Belleville-DTM-E,3.37,0.5,https://ws.gisetl.lrc.gov.on.ca/fmedatadownload/Packages/Belleville-DTM-E.zip
Belleville 2022,Belleville-DTM-F,3.02,0.5,https://ws.gisetl.lrc.gov.on.ca/fmedatadownload/Packages/Belleville-DTM-F.zip
Belleville 2022,Belleville-DTM-G,2.93,0.5,https://ws.gisetl.lrc.gov.on.ca/fmedatadownload/Packages/Belleville-DTM-G.zip
Belleville 2022,Belleville-DTM-H,3.12,0.5,https://ws.gisetl.lrc.gov.on.ca/fmedatadownload/Packages/Belleville-DTM-H.zip
Belleville 2022,Belleville-DTM-I,3.28,0.5,https://ws.gisetl.lrc.gov.on.ca/fmedatadownload/Packages/Belleville-DTM-I.zip
Belleville 2022,Belleville-DTM-J,3.13,0.5,https://ws.gisetl.lrc.gov.on.ca/fmedatadownload/Packages/Belleville-DTM-J.zip
Belleville 2022,Belleville-DTM-K,2.91,0.5,https://ws.gisetl.lrc.gov.on.ca/fmedatadownload/Packages/Belleville-DTM-K.zip
Belleville 2022,Belleville-DTM-L,3.3,0.5,https://ws.gisetl.lrc.gov.on.ca/fmedatadownload/Packages/Belleville-DTM-L.zip
Belleville 2022,Belleville-DTM-M,3.29,0.5,https://ws.gisetl.lrc.gov.on.ca/fmedatadownload/Packages/Belleville-DTM-M.zip
Belleville 2022,Belleville-DTM-N,3.27,0.5,https://ws.gisetl.lrc.gov.on.ca/fmedatadownload/Packages/Belleville-DTM-N.zip
Belleville 2022,Belleville-DTM-O,3.06,0.5,https://ws.gisetl.lrc.gov.on.ca/fmedatadownload/Packages/Belleville-DTM-O.zip
Belleville 2022,Belleville-DTM-P,3.29,0.5,https://ws.gisetl.lrc.gov.on.ca/fmedatadownload/Packages/Belleville-DTM-P.zip
Belleville 2022,Belleville-DTM-Q,3.3,0.5,https://ws.gisetl.lrc.gov.on.ca/fmedatadownload/Packages/Belleville-DTM-Q.zip
Belleville 2022,Belleville-DTM-R,3.14,0.5,https://ws.gisetl.lrc.gov.on.ca/fmedatadownload/Packages/Belleville-DTM-R.zip
Belleville 2022,Belleville-DTM-S,3.09,0.5,https://ws.gisetl.lrc.gov.on.ca/fmedatadownload/Packages/Belleville-DTM-S.zip
Belleville 2022,Belleville-DTM-T,3.31,0.5,https://ws.gisetl.lrc.gov.on.ca/fmedatadownload/Packages/Belleville-DTM-T.zip
Belleville 2022,Belleville-DTM-U,3.36,0.5,https://ws.gisetl.lrc.gov.on.ca/fmedatadownload/Packages/Belleville-DTM-U.zip
Belleville 2022,Belleville-DTM-V,3.47,0.5,https://ws.gisetl.lrc.gov.on.ca/fmedatadownload/Packages/Belleville-DTM-V.zip
Eastern Ontario 2021-22,EasternOntario-DTM-01,2.91,0.5,https://ws.gisetl.lrc.gov.on.ca/fmedatadownload/Packages/EasternOntario-DTM-01.zip
Eastern Ontario 2021-22,EasternOntario-DTM-02,2.54,0.5,https://ws.gisetl.lrc.gov.on.ca/fmedatadownload/Packages/EasternOntario-DTM-02.zip
Eastern Ontario 2021-22,EasternOntario-DTM-03,3.11,0.5,https://ws.gisetl.lrc.gov.on.ca/fmedatadownload/Packages/EasternOntario-DTM-03.zip
Eastern Ontario 2021-22,EasternOntario-DTM-04,2.87,0.5,https://ws.gisetl.lrc.gov.on.ca/fmedatadownload/Packages/EasternOntario-DTM-04.zip
Eastern Ontario 2021-22,EasternOntario-DTM-05,2.89,0.5,https://ws.gisetl.lrc.gov.on.ca/fmedatadownload/Packages/EasternOntario-DTM-05.zip
Eastern Ontario 2021-22,EasternOntario-DTM-06,3.35,0.5,https://ws.gisetl.lrc.gov.on.ca/fmedatadownload/Packages/EasternOntario-DTM-06.zip
Eastern Ontario 2021-22,EasternOntario-DTM-07,3.2,0.5,https://ws.gisetl.lrc.gov.on.ca/fmedatadownload/Packages/EasternOntario-DTM-07.zip
Eastern Ontario 2021-22,EasternOntario-DTM-08,2.81,0.5,https://ws.gisetl.lrc.gov.on.ca/fmedatadownload/Packages/EasternOntario-DTM-08.zip
Eastern Ontario 2021-22,EasternOntario-DTM-09,2.39,0.5,https://ws.gisetl.lrc.gov.on.ca/fmedatadownload/Packages/EasternOntario-DTM-09.zip
Eastern Ontario 2021-22,EasternOntario-DTM-10,3.26,0.5,https://ws.gisetl.lrc.gov.on.ca/fmedatadownload/Packages/EasternOntario-DTM-10.zip
Eastern Ontario 2021-22,EasternOntario-DTM-11,3.29,0.5,https://ws.gisetl.lrc.gov.on.ca/fmedatadownload/Packages/EasternOntario-DTM-11.zip
Eastern Ontario 2021-22,EasternOntario-DTM-12,3.2,0.5,https://ws.gisetl.lrc.gov.on.ca/fmedatadownload/Packages/EasternOntario-DTM-12.zip
Eastern Ontario 2021-22,EasternOntario-DTM-13,2.99,0.5,https://ws.gisetl.lrc.gov.on.ca/fmedatadownload/Packages/EasternOntario-DTM-13.zip
Eastern Ontario 2021-22,EasternOntario-DTM-14,3,0.5,https://ws.gisetl.lrc.gov.on.ca/fmedatadownload/Packages/EasternOntario-DTM-14.zip
Eastern Ontario 2021-22,EasternOntario-DTM-15,2.88,0.5,https://ws.gisetl.lrc.gov.on.ca/fmedatadownload/Packages/EasternOntario-DTM-15.zip
Eastern Ontario 2021-22,EasternOntario-DTM-16,3.17,0.5,https://ws.gisetl.lrc.gov.on.ca/fmedatadownload/Packages/EasternOntario-DTM-16.zip
Eastern Ontario 2021-22,EasternOntario-DTM-17,3.12,0.5,https://ws.gisetl.lrc.gov.on.ca/fmedatadownload/Packages/EasternOntario-DTM-17.zip
Eastern Ontario 2021-22,EasternOntario-DTM-18,3.32,0.5,https://ws.gisetl.lrc.gov.on.ca/fmedatadownload/Packages/EasternOntario-DTM-18.zip
Eastern Ontario 2021-22,EasternOntario-DTM-19,2.41,0.5,https://ws.gisetl.lrc.gov.on.ca/fmedatadownload/Packages/EasternOntario-DTM-19.zip
Eastern Ontario 2021-22,EasternOntario-DTM-20,2.36,0.5,https://ws.gisetl.lrc.gov.on.ca/fmedatadownload/Packages/EasternOntario-DTM-20.zip
Eastern Ontario 2021-22,EasternOntario-DTM-21,1.68,0.5,https://ws.gisetl.lrc.gov.on.ca/fmedatadownload/Packages/EasternOntario-DTM-21.zip
Eastern Ontario 2021-22,EasternOntario-DTM-22,1.58,0.5,https://ws.gisetl.lrc.gov.on.ca/fmedatadownload/Packages/EasternOntario-DTM-22.zip
Eastern Ontario 2021-22,EasternOntario-DTM-23,2.58,0.5,https://ws.gisetl.lrc.gov.on.ca/fmedatadownload/Packages/EasternOntario-DTM-23.zip
Eastern Ontario 2021-22,EasternOntario-DTM-24,2.88,0.5,https://ws.gisetl.lrc.gov.on.ca/fmedatadownload/Packages/EasternOntario-DTM-24.zip
Eastern Ontario 2021-22,EasternOntario-DTM-25,2.89,0.5,https://ws.gisetl.lrc.gov.on.ca/fmedatadownload/Packages/EasternOntario-DTM-25.zip
Eastern Ontario 2021-22,EasternOntario-DTM-26,2.47,0.5,https://ws.gisetl.lrc.gov.on.ca/fmedatadownload/Packages/EasternOntario-DTM-26.zip
Eastern Ontario 2021-22,EasternOntario-DTM-27,2.81,0.5,https://ws.gisetl.lrc.gov.on.ca/fmedatadownload/Packages/EasternOntario-DTM-27.zip
Eastern Ontario 2021-22,EasternOntario-DTM-28,2.99,0.5,https://ws.gisetl.lrc.gov.on.ca/fmedatadownload/Packages/EasternOntario-DTM-28.zip
Huron Shores 2021,HuronShores-DTM-01,2.94,0.5,https://ws.gisetl.lrc.gov.on.ca/fmedatadownload/Packages/HuronShores-DTM-01.zip
Muskoka 2018,Muskoka-2018-CGVD28-DTM,2.17,1,https://ws.gisetl.lrc.gov.on.ca/fmedatadownload/Packages/Muskoka-2018-CGVD28-DTM.zip
Muskoka 2018,Muskoka-2018-CGVD2013-DTM,2.84,1,https://ws.gisetl.lrc.gov.on.ca/fmedatadownload/Packages/Muskoka-2018-CGVD2013-DTM.zip
Muskoka 2021,Muskoka-2021-CGVD28-DTM,1.65,1,https://ws.gisetl.lrc.gov.on.ca/fmedatadownload/Packages/Muskoka-2021-CGVD28-DTM.zip
Muskoka 2021,Muskoka-2021-CGVD2013-DTM,2.19,1,https://ws.gisetl.lrc.gov.on.ca/fmedatadownload/Packages/Muskoka-2021-CGVD2013-DTM.zip
Muskoka 2023,Muskoka-2023-CGVD28-DTM-1,1.35,1,https://ws.gisetl.lrc.gov.on.ca/fmedatadownload/Packages/Muskoka-2023-CGVD28-DTM-1.zip
Muskoka 2023,Muskoka-2023-CGVD28-DTM-2,1.83,1,https://ws.gisetl.lrc.gov.on.ca/fmedatadownload/Packages/Muskoka-2023-CGVD28-DTM-2.zip
Muskoka 2023,Muskoka-2023-CGVD2013-DTM-1,1.71,1,https://ws.gisetl.lrc.gov.on.ca/fmedatadownload/Packages/Muskoka-2023-CGVD2013-DTM-1.zip
Muskoka 2023,Muskoka-2023-CGVD2013-DTM-2,2.17,1,https://ws.gisetl.lrc.gov.on.ca/fmedatadownload/Packages/Muskoka-2023-CGVD2013-DTM-2.zip
DEDSFM Huron-Georgian Bay,HuronGeorgianBay-DTM-01,3.23,0.5,https://ws.gisetl.lrc.gov.on.ca/fmedatadownload/Packages/HuronGeorgianBay-DTM-01.zip
DEDSFM Huron-Georgian Bay,HuronGeorgianBay-DTM-02,2.89,0.5,https://ws.gisetl.lrc.gov.on.ca/fmedatadownload/Packages/HuronGeorgianBay-DTM-02.zip
DEDSFM Huron-Georgian Bay,HuronGeorgianBay-DTM-03,2.42,0.5,https://ws.gisetl.lrc.gov.on.ca/fmedatadownload/Packages/HuronGeorgianBay-DTM-03.zip
DEDSFM Huron-Georgian Bay,HuronGeorgianBay-DTM-04,1.82,0.5,https://ws.gisetl.lrc.gov.on.ca/fmedatadownload/Packages/HuronGeorgianBay-DTM-04.zip
DEDSFM Huron-Georgian Bay,HuronGeorgianBay-DTM-05,2.91,0.5,https://ws.gisetl.lrc.gov.on.ca/fmedatadownload/Packages/HuronGeorgianBay-DTM-05.zip
DEDSFM Huron-Georgian Bay,HuronGeorgianBay-DTM-06,3.27,0.5,https://ws.gisetl.lrc.gov.on.ca/fmedatadownload/Packages/HuronGeorgianBay-DTM-06.zip
DEDSFM Huron-Georgian Bay,HuronGeorgianBay-DTM-07,3.07,0.5,https://ws.gisetl.lrc.gov.on.ca/fmedatadownload/Packages/HuronGeorgianBay-DTM-07.zip
DEDSFM Huron-Georgian Bay,HuronGeorgianBay-DTM-08,2.55,0.5,https://ws.gisetl.lrc.gov.on.ca/fmedatadownload/Packages/HuronGeorgianBay-DTM-08.zip
DEDSFM Huron-Georgian Bay,HuronGeorgianBay-DTM-09,3,0.5,https://ws.gisetl.lrc.gov.on.ca/fmedatadownload/Packages/HuronGeorgianBay-DTM-09.zip
DEDSFM Huron-Georgian Bay,HuronGeorgianBay-DTM-10,3.18,0.5,https://ws.gisetl.lrc.gov.on.ca/fmedatadownload/Packages/HuronGeorgianBay-DTM-10.zip
DEDSFM Huron-Georgian Bay,HuronGeorgianBay-DTM-11,3.38,0.5,https://ws.gisetl.lrc.gov.on.ca/fmedatadownload/Packages/HuronGeorgianBay-DTM-11.zip
DEDSFM Huron-Georgian Bay,HuronGeorgianBay-DTM-12,2.53,0.5,https://ws.gisetl.lrc.gov.on.ca/fmedatadownload/Packages/HuronGeorgianBay-DTM-12.zip
DEDSFM Huron-Georgian Bay,HuronGeorgianBay-DTM-13,1.76,0.5,https://ws.gisetl.lrc.gov.on.ca/fmedatadownload/Packages/HuronGeorgianBay-DTM-13.zip
DEDSFM Huron-Georgian Bay,HuronGeorgianBay-DTM-14,3.2,0.5,https://ws.gisetl.lrc.gov.on.ca/fmedatadownload/Packages/HuronGeorgianBay-DTM-14.zip
DEDSFM Huron-Georgian Bay,HuronGeorgianBay-DTM-15,3.29,0.5,https://ws.gisetl.lrc.gov.on.ca/fmedatadownload/Packages/HuronGeorgianBay-DTM-15.zip
DEDSFM Huron-Georgian Bay,HuronGeorgianBay-DTM-16,3.24,0.5,https://ws.gisetl.lrc.gov.on.ca/fmedatadownload/Packages/HuronGeorgianBay-DTM-16.zip
DEDSFM Huron-Georgian Bay,HuronGeorgianBay-DTM-17,3.34,0.5,https://ws.gisetl.lrc.gov.on.ca/fmedatadownload/Packages/HuronGeorgianBay-DTM-17.zip
DEDSFM Huron-Georgian Bay,HuronGeorgianBay-DTM-18,3.15,0.5,https://ws.gisetl.lrc.gov.on.ca/fmedatadownload/Packages/HuronGeorgianBay-DTM-18.zip
DEDSFM Huron-Georgian Bay,HuronGeorgianBay-DTM-19,3.05,0.5,https://ws.gisetl.lrc.gov.on.ca/fmedatadownload/Packages/HuronGeorgianBay-DTM-19.zip
DEDSFM Huron-Georgian Bay,HuronGeorgianBay-DTM-20,3.12,0.5,https://ws.gisetl.lrc.gov.on.ca/fmedatadownload/Packages/HuronGeorgianBay-DTM-20.zip
DEDSFM Huron-Georgian Bay,HuronGeorgianBay-DTM-21,3.27,0.5,https://ws.gisetl.lrc.gov.on.ca/fmedatadownload/Packages/HuronGeorgianBay-DTM-21.zip
DEDSFM Huron-Georgian Bay,HuronGeorgianBay-DTM-22,3.2,0.5,https://ws.gisetl.lrc.gov.on.ca/fmedatadownload/Packages/HuronGeorgianBay-DTM-22.zip
DEDSFM Huron-Georgian Bay,HuronGeorgianBay-DTM-23,3.08,0.5,https://ws.gisetl.lrc.gov.on.ca/fmedatadownload/Packages/HuronGeorgianBay-DTM-23.zip
DEDSFM Huron-Georgian Bay,HuronGeorgianBay-DTM-24,2.63,0.5,https://ws.gisetl.lrc.gov.on.ca/fmedatadownload/Packages/HuronGeorgianBay-DTM-24.zip
DEDSFM Huron-Georgian Bay,HuronGeorgianBay-DTM-25,3.02,0.5,https://ws.gisetl.lrc.gov.on.ca/fmedatadownload/Packages/HuronGeorgianBay-DTM-25.zip
DEDSFM Huron-Georgian Bay,HuronGeorgianBay-DTM-26,2.72,0.5,https://ws.gisetl.lrc.gov.on.ca/fmedatadownload/Packages/HuronGeorgianBay-DTM-26.zip
DEDSFM Huron-Georgian Bay,HuronGeorgianBay-DTM-27,2.59,0.5,https://ws.gisetl.lrc.gov.on.ca/fmedatadownload/Packages/HuronGeorgianBay-DTM-27.zip
DEDSFM Huron-Georgian Bay,HuronGeorgianBay-DTM-28,2.6,0.5,https://ws.gisetl.lrc.gov.on.ca/fmedatadownload/Packages/HuronGeorgianBay-DTM-28.zip
DEDSFM Huron-Georgian Bay,HuronGeorgianBay-DTM-29,3.02,0.5,https://ws.gisetl.lrc.gov.on.ca/fmedatadownload/Packages/HuronGeorgianBay-DTM-29.zip
DEDSFM Huron-Georgian Bay,HuronGeorgianBay-DTM-30,3.06,0.5,https://ws.gisetl.lrc.gov.on.ca/fmedatadownload/Packages/HuronGeorgianBay-DTM-30.zip
DEDSFM Huron-Georgian Bay,HuronGeorgianBay-DTM-31,3.26,0.5,https://ws.gisetl.lrc.gov.on.ca/fmedatadownload/Packages/HuronGeorgianBay-DTM-31.zip
DEDSFM Huron-Georgian Bay,HuronGeorgianBay-DTM-32,3.23,0.5,https://ws.gisetl.lrc.gov.on.ca/fmedatadownload/Packages/HuronGeorgianBay-DTM-32.zip
DEDSFM Huron-Georgian Bay,HuronGeorgianBay-DTM-33,2.61,0.5,https://ws.gisetl.lrc.gov.on.ca/fmedatadownload/Packages/HuronGeorgianBay-DTM-33.zip
DEDSFM Huron-Georgian Bay,HuronGeorgianBay-DTM-34,2.52,0.5,https://ws.gisetl.lrc.gov.on.ca/fmedatadownload/Packages/HuronGeorgianBay-DTM-34.zip
DEDSFM Huron-Georgian Bay,HuronGeorgianBay-DTM-35,2.72,0.5,https://ws.gisetl.lrc.gov.on.ca/fmedatadownload/Packages/HuronGeorgianBay-DTM-35.zip
DEDSFM Huron-Georgian Bay,HuronGeorgianBay-DTM-36,2.86,0.5,https://ws.gisetl.lrc.gov.on.ca/fmedatadownload/Packages/HuronGeorgianBay-DTM-36.zip
DEDSFM Huron-Georgian Bay,HuronGeorgianBay-DTM-37,3.1,0.5,https://ws.gisetl.lrc.gov.on.ca/fmedatadownload/Packages/HuronGeorgianBay-DTM-37.zip
DEDSFM Huron-Georgian Bay,HuronGeorgianBay-DTM-38,3.1,0.5,https://ws.gisetl.lrc.gov.on.ca/fmedatadownload/Packages/HuronGeorgianBay-DTM-38.zip
DEDSFM Huron-Georgian Bay,HuronGeorgianBay-DTM-39,3.27,0.5,https://ws.gisetl.lrc.gov.on.ca/fmedatadownload/Packages/HuronGeorgianBay-DTM-39.zip
DEDSFM Huron-Georgian Bay,HuronGeorgianBay-DTM-40,3,0.5,https://ws.gisetl.lrc.gov.on.ca/fmedatadownload/Packages/HuronGeorgianBay-DTM-40.zip
DEDSFM Huron-Georgian Bay,HuronGeorgianBay-DTM-41,2.74,0.5,https://ws.gisetl.lrc.gov.on.ca/fmedatadownload/Packages/HuronGeorgianBay-DTM-41.zip
DEDSFM Kawartha Lakes 2023,KawarthaLakes-DTM-01,2.55,0.5,https://ws.gisetl.lrc.gov.on.ca/fmedatadownload/Packages/KawarthaLakes-DTM-01.zip
DEDSFM Kawartha Lakes 2023,KawarthaLakes-DTM-02,3.27,0.5,https://ws.gisetl.lrc.gov.on.ca/fmedatadownload/Packages/KawarthaLakes-DTM-02.zip
DEDSFM Kawartha Lakes 2023,KawarthaLakes-DTM-03,2.89,0.5,https://ws.gisetl.lrc.gov.on.ca/fmedatadownload/Packages/KawarthaLakes-DTM-03.zip
DEDSFM Kawartha Lakes 2023,KawarthaLakes-DTM-04,2.85,0.5,https://ws.gisetl.lrc.gov.on.ca/fmedatadownload/Packages/KawarthaLakes-DTM-04.zip
DEDSFM Kawartha Lakes 2023,KawarthaLakes-DTM-05,2.53,0.5,https://ws.gisetl.lrc.gov.on.ca/fmedatadownload/Packages/KawarthaLakes-DTM-05.zip
DEDSFM Kawartha Lakes 2023,KawarthaLakes-DTM-06,2.52,0.5,https://ws.gisetl.lrc.gov.on.ca/fmedatadownload/Packages/KawarthaLakes-DTM-06.zip
DEDSFM Kawartha Lakes 2023,KawarthaLakes-DTM-07,2.69,0.5,https://ws.gisetl.lrc.gov.on.ca/fmedatadownload/Packages/KawarthaLakes-DTM-07.zip
DEDSFM Kawartha Lakes 2023,KawarthaLakes-DTM-08,2.81,0.5,https://ws.gisetl.lrc.gov.on.ca/fmedatadownload/Packages/KawarthaLakes-DTM-08.zip
DEDSFM Kawartha Lakes 2023,KawarthaLakes-DTM-09,2.85,0.5,https://ws.gisetl.lrc.gov.on.ca/fmedatadownload/Packages/KawarthaLakes-DTM-09.zip
Huron Shores 2021,HuronShores-DTM-01,2.94,0.5,https://ws.gisetl.lrc.gov.on.ca/fmedatadownload/Packages/HuronShores-DTM-01.zip
DEDSFM Sault Ste Marie 2023,SaultSteMarie-DTM-01,2.53,0.5,https://ws.gisetl.lrc.gov.on.ca/fmedatadownload/Packages/SaultSteMarie-DTM-01.zip
DEDSFM Sault Ste Marie 2023,SaultSteMarie-DTM-02,2.49,0.5,https://ws.gisetl.lrc.gov.on.ca/fmedatadownload/Packages/SaultSteMarie-DTM-02.zip
DEDSFM Sault Ste Marie 2023,SaultSteMarie-DTM-03,2.11,0.5,https://ws.gisetl.lrc.gov.on.ca/fmedatadownload/Packages/SaultSteMarie-DTM-03.zip
DEDSFM Sault Ste Marie 2023,SaultSteMarie-DTM-04,2.49,0.5,https://ws.gisetl.lrc.gov.on.ca/fmedatadownload/Packages/SaultSteMarie-DTM-04.zip
DEDSFM Sault Ste Marie 2023,SaultSteMarie-DTM-05,2.83,0.5,https://ws.gisetl.lrc.gov.on.ca/fmedatadownload/Packages/SaultSteMarie-DTM-05.zip
DEDSFM Sault Ste Marie 2023,SaultSteMarie-DTM-06,2.95,0.5,https://ws.gisetl.lrc.gov.on.ca/fmedatadownload/Packages/SaultSteMarie-DTM-06.zip
DEDSFM Sault Ste Marie 2023,SaultSteMarie-DTM-07,2.86,0.5,https://ws.gisetl.lrc.gov.on.ca/fmedatadownload/Packages/SaultSteMarie-DTM-07.zip
DEDSFM Sault Ste Marie 2023,SaultSteMarie-DTM-08,2.86,0.5,https://ws.gisetl.lrc.gov.on.ca/fmedatadownload/Packages/SaultSteMarie-DTM-08.zip
DEDSFM Sault Ste Marie 2023,SaultSteMarie-DTM-09,2.85,0.5,https://ws.gisetl.lrc.gov.on.ca/fmedatadownload/Packages/SaultSteMarie-DTM-09.zip
DEDSFM Sudbury 2023-24,Sudbury-DTM-01,3.26,0.5,https://ws.gisetl.lrc.gov.on.ca/fmedatadownload/Packages/Sudbury-DTM-01.zip
DEDSFM Sudbury 2023-24,Sudbury-DTM-02,3.62,0.5,https://ws.gisetl.lrc.gov.on.ca/fmedatadownload/Packages/Sudbury-DTM-02.zip
DEDSFM Sudbury 2023-24,Sudbury-DTM-03,3.28,0.5,https://ws.gisetl.lrc.gov.on.ca/fmedatadownload/Packages/Sudbury-DTM-03.zip
DEDSFM Sudbury 2023-24,Sudbury-DTM-04,2.97,0.5,https://ws.gisetl.lrc.gov.on.ca/fmedatadownload/Packages/Sudbury-DTM-04.zip
DEDSFM Sudbury 2023-24,Sudbury-DTM-05,2.84,0.5,https://ws.gisetl.lrc.gov.on.ca/fmedatadownload/Packages/Sudbury-DTM-05.zip
DEDSFM Sudbury 2023-24,Sudbury-DTM-06,2.8,0.5,https://ws.gisetl.lrc.gov.on.ca/fmedatadownload/Packages/Sudbury-DTM-06.zip
DEDSFM Sudbury 2023-24,Sudbury-DTM-07,2.98,0.5,https://ws.gisetl.lrc.gov.on.ca/fmedatadownload/Packages/Sudbury-DTM-07.zip
DEDSFM Sudbury 2023-24,Sudbury-DTM-08,2.63,0.5,https://ws.gisetl.lrc.gov.on.ca/fmedatadownload/Packages/Sudbury-DTM-08.zip
DEDSFM Sudbury 2023-24,Sudbury-DTM-09,3.13,0.5,https://ws.gisetl.lrc.gov.on.ca/fmedatadownload/Packages/Sudbury-DTM-09.zip
DEDSFM Sudbury 2023-24,Sudbury-DTM-10,3.19,0.5,https://ws.gisetl.lrc.gov.on.ca/fmedatadownload/Packages/Sudbury-DTM-10.zip
DEDSFM Sudbury 2023-24,Sudbury-DTM-11,3.11,0.5,https://ws.gisetl.lrc.gov.on.ca/fmedatadownload/Packages/Sudbury-DTM-11.zip
DEDSFM Sudbury 2023-24,Sudbury-DTM-12,2.98,0.5,https://ws.gisetl.lrc.gov.on.ca/fmedatadownload/Packages/Sudbury-DTM-12.zip
DEDSFM Sudbury 2023-24,Sudbury-DTM-13,2.25,0.5,https://ws.gisetl.lrc.gov.on.ca/fmedatadownload/Packages/Sudbury-DTM-13.zip
DEDSFM Sudbury 2023-24,Sudbury-DTM-14,2.06,0.5,https://ws.gisetl.lrc.gov.on.ca/fmedatadownload/Packages/Sudbury-DTM-14.zip